<DATE>,<OPEN>,<CLOSE>
20000101,101.76,102.16
20000104,103.14,105.38
20000107,107.25,106.27
20000110,107.22,107.07
20000113,106.97,107.38
20000116,107.52,108.98
20000119,109.74,109.86
20000122,110.31,110.64
20000125,112.13,111.93
20000128,112.24,111.39
20000131,108.83,109.49
20000203,110.35,109.61
20000206,111.88,110.42
20000209,110.47,110.28
20000212,111.82,113.29
20000215,113.44,113.82
20000218,112.93,110.95
20000221,110.6,110.76
20000224,111.99,113.19
20000227,112.8,112.5
20000301,111.45,110.03
20000304,108.33,110.28
20000307,109.77,109.33
20000310,108.08,108.85
20000313,107.24,107.03
20000316,106.13,106.52
20000319,106.01,104.83
20000322,104.8,105.23
20000325,105.29,105.6
20000328,104.96,104.6
20000331,103.93,103.57
20000403,102.75,101.03
20000406,101.21,100.8
20000409,99.17,99.64
20000412,98.73,98.78
20000415,99.51,99.64
20000418,100.78,99.54
20000421,99.95,99.26
20000424,98.39,97.81
20000427,97.5,97.56
20000430,96.39,97.29
20000503,97.76,96.22
20000506,97.71,99.61
20000509,100.78,100.6
20000512,99.53,100.59
20000515,100.19,101.41
20000518,101.62,102.59
20000521,102.95,103.66
20000524,103.67,105.45
20000527,105.58,105.98
20000530,107.86,106.52
20000602,105.25,106.22
20000605,105.04,106.99
20000608,106.57,105.82
20000611,107.75,109.23
20000614,111.1,112.0
20000617,111.14,113.05
20000620,112.78,113.58
20000623,114.53,114.38
20000626,114.99,115.91
20000629,116.29,115.19
20000702,115.49,116.82
20000705,116.12,115.97
20000708,115.54,117.38
20000711,118.06,118.46
20000714,117.69,118.23
20000717,117.56,117.59
20000720,116.96,117.63
20000723,118.21,118.0
20000726,118.4,117.3
20000729,115.81,116.25
20000801,116.42,117.05
20000804,119.44,120.38
20000807,119.47,120.59
20000810,119.27,118.81
20000813,118.74,120.45
20000816,119.71,118.88
20000819,118.78,118.12
20000822,119.25,118.17
20000825,117.02,116.58
20000828,116.08,118.01
20000831,118.96,119.05
20000903,117.82,118.67
20000906,117.67,116.12
20000909,117.31,117.63
20000912,118.55,118.87
20000915,119.72,119.07
20000918,118.04,118.72
20000921,117.92,117.23
20000924,116.77,116.79
20000927,116.44,115.06
20000930,114.42,112.19
20001003,112.82,111.22
20001006,110.11,110.17
20001009,109.43,110.97
20001012,109.68,109.94
20001015,109.9,108.74
20001018,109.26,109.09
20001021,109.86,110.68
20001024,112.85,114.18
20001027,113.81,113.57
20001030,114.67,115.33
20001102,115.97,114.35
20001105,114.33,113.59
20001108,113.87,113.77
20001111,114.68,115.0
20001114,115.78,115.32
20001117,114.37,113.96
20001120,113.95,114.33
20001123,116.59,116.54
20001126,115.59,115.24
20001129,114.78,115.26
20001202,113.72,113.78
20001205,113.94,114.17
20001208,113.57,113.33
20001211,111.91,111.42
20001214,110.87,111.29
20001217,110.13,110.92
20001220,112.41,110.34
20001223,110.77,111.44
20001226,110.81,110.41
20001229,110.28,109.98
20010101,109.67,107.99
20010104,109.15,110.22
20010107,109.41,107.95
20010110,108.47,107.89
20010113,108.03,107.71
20010116,108.4,109.1
20010119,108.37,106.99
20010122,105.41,106.02
20010125,104.83,104.32
20010128,103.73,103.67
20010131,101.74,101.93
20010203,102.45,102.54
20010206,102.23,102.32
20010209,102.72,99.95
20010212,101.91,102.3
20010215,101.64,101.25
20010218,101.75,101.63
20010221,99.6,101.67
20010224,101.55,102.57
20010227,101.88,103.42
20010302,103.71,104.31
20010305,103.27,104.48
20010308,105.17,106.47
20010311,105.84,105.36
20010314,107.67,106.61
20010317,106.47,107.61
20010320,107.71,108.29
20010323,107.89,108.26
20010326,106.95,108.61
20010329,108.49,107.81
20010401,108.48,108.02
20010404,106.68,105.34
20010407,106.03,105.87
20010410,105.74,106.82
20010413,105.69,104.96
20010416,104.57,104.67
20010419,104.62,104.34
20010422,104.28,104.17
20010425,103.45,102.64
20010428,102.91,102.02
20010501,100.86,100.55
20010504,100.39,102.65
20010507,101.94,102.89
20010510,103.64,102.45
20010513,103.22,102.04
20010516,99.38,99.98
20010519,98.23,98.68
20010522,97.99,99.65
20010525,100.72,100.27
20010528,99.58,98.37
20010531,97.93,97.65
20010603,97.28,97.44
20010606,98.02,98.37
20010609,97.6,96.16
20010612,97.53,96.84
20010615,96.19,95.67
20010618,93.82,93.34
20010621,92.86,93.48
20010624,94.18,94.19
20010627,95.12,95.46
20010630,95.44,95.6
20010703,95.41,95.02
20010706,94.75,93.62
20010709,93.9,92.91
20010712,93.75,93.5
20010715,93.55,94.05
20010718,94.69,93.12
20010721,92.91,93.79
20010724,92.09,92.48
20010727,90.23,89.2
20010730,89.24,87.58
20010802,86.6,85.13
20010805,86.78,86.94
20010808,87.51,87.28
20010811,86.93,85.31
20010814,85.02,84.26
20010817,85.12,86.26
20010820,87.73,88.58
20010823,87.98,86.86
20010826,87.63,87.99
20010829,86.22,86.57
20010901,87.39,87.45
20010904,87.26,86.46
20010907,85.01,85.81
20010910,85.5,85.27
20010913,87.0,87.68
20010916,88.05,88.2
20010919,89.72,91.44
20010922,92.37,92.95
20010925,90.85,90.98
20010928,90.85,90.94
20011001,91.88,89.14
20011004,88.57,88.84
20011007,88.38,86.96
20011010,87.83,88.11
20011013,87.14,87.45
20011016,88.27,88.28
20011019,89.08,89.16
20011022,88.76,87.6
20011025,87.52,87.71
20011028,88.59,88.47
20011031,88.93,87.96
20011103,87.18,87.07
20011106,86.02,86.84
20011109,87.3,87.58
20011112,87.92,89.94
20011115,89.47,87.27
20011118,87.47,87.42
20011121,86.9,85.92
20011124,85.48,85.66
20011127,85.16,87.57
20011130,86.61,85.82
20011203,83.53,83.78
20011206,81.77,81.23
20011209,80.95,80.24
20011212,81.98,82.97
20011215,84.29,83.41
20011218,84.54,85.03
20011221,85.81,86.84
20011224,85.93,85.5
20011227,86.37,83.71
20011230,85.22,85.78
20020102,85.73,85.95
20020105,84.92,84.57
20020108,85.67,86.97
20020111,89.67,89.59
20020114,88.93,88.42
20020117,87.4,87.32
20020120,87.71,87.67
20020123,88.77,88.53
20020126,88.19,87.6
20020129,85.97,84.4
20020201,83.23,84.53
20020204,85.42,86.8
20020207,85.46,83.5
20020210,82.84,83.01
20020213,83.51,84.56
20020216,84.84,86.59
20020219,86.36,85.45
20020222,83.77,82.88
20020225,83.12,82.23
20020228,83.17,84.58
20020303,82.21,83.08
20020306,80.84,81.24
20020309,82.46,82.53
20020312,81.25,80.66
20020315,80.4,80.22
20020318,80.02,79.91
20020321,80.12,78.91
20020324,78.67,80.19
20020327,79.8,79.36
20020330,80.44,77.88
20020402,79.06,78.43
20020405,78.59,78.69
20020408,79.63,79.36
20020411,78.68,79.98
20020414,77.62,77.64
20020417,76.29,75.53
20020420,77.54,77.5
20020423,77.69,75.91
20020426,75.18,75.38
20020429,75.73,76.35
20020502,76.36,76.88
20020505,77.34,75.51
20020508,75.54,76.31
20020511,76.9,76.54
20020514,75.73,74.61
20020517,74.48,75.62
20020520,73.67,73.01
20020523,71.87,72.65
20020526,72.1,71.63
20020529,71.41,71.85
20020601,71.46,68.42
20020604,68.96,69.4
20020607,69.18,68.09
20020610,68.45,68.83
20020613,68.36,68.14
20020616,67.21,67.03
20020619,65.48,65.9
20020622,64.95,65.19
20020625,63.78,63.19
20020628,63.08,61.42
20020701,61.54,61.16
20020704,59.42,58.11
20020707,58.72,59.61
20020710,59.48,59.89
20020713,60.11,60.44
20020716,61.73,60.22
20020719,60.9,60.51
20020722,60.29,59.99
20020725,59.61,58.39
20020728,58.57,60.24
20020731,60.18,60.18
20020803,59.5,59.38
20020806,59.84,59.47
20020809,59.02,59.42
20020812,58.51,58.76
20020815,59.58,60.94
20020818,60.85,62.22
20020821,63.25,62.25
20020824,61.04,60.73
20020827,61.76,61.69
20020830,61.09,62.64
20020902,62.93,60.61
20020905,60.92,61.44
20020908,61.67,62.12
20020911,62.05,60.73
20020914,60.36,59.42
20020917,58.48,57.22
20020920,57.67,57.77
20020923,57.32,56.67
20020926,56.65,57.73
20020929,55.72,56.1
20021002,55.56,53.67
20021005,51.73,50.81
20021008,51.03,51.43
20021011,50.49,51.5
20021014,52.93,53.32
20021017,52.73,53.86
20021020,54.61,55.48
20021023,54.82,51.99
20021026,54.1,52.49
20021029,52.46,54.84
20021101,55.17,56.12
20021104,54.62,52.84
20021107,52.3,53.4
20021110,53.05,52.25
20021113,52.45,53.53
20021116,52.09,50.88
20021119,50.09,51.19
20021122,51.42,53.55
20021125,54.49,54.45
20021128,55.72,55.93
20021201,55.23,55.91
20021204,55.21,54.92
20021207,56.25,56.14
20021210,55.34,54.88
20021213,55.9,55.35
20021216,54.96,54.45
20021219,54.63,54.25
20021222,52.65,51.76
20021225,50.83,52.07
20021228,52.88,53.47
20021231,52.96,52.15
20030103,51.64,50.59
20030106,53.09,50.84
20030109,51.4,50.12
20030112,50.02,49.03
20030115,47.85,46.71
20030118,48.47,48.33
20030121,47.57,48.12
20030124,48.13,48.85
20030127,47.03,47.33
20030130,48.1,46.44
20030202,46.89,48.59
20030205,48.57,49.39
20030208,50.06,49.36
20030211,49.4,47.83
20030214,47.38,47.64
20030217,48.37,48.39
20030220,49.11,48.01
20030223,47.91,47.93
20030226,49.78,49.56
20030301,49.06,49.08
20030304,48.17,48.36
20030307,47.99,46.2
20030310,46.14,45.83
20030313,44.19,44.13
20030316,45.62,46.14
20030319,46.75,45.41
20030322,45.88,46.03
20030325,46.56,46.98
20030328,45.62,45.58
20030331,44.82,44.77
20030403,43.88,45.19
20030406,44.33,43.43
20030409,43.51,42.43
20030412,42.0,41.17
20030415,42.59,43.37
20030418,43.31,42.92
20030421,43.86,44.27
20030424,44.77,44.74
20030427,43.05,42.94
20030430,42.41,43.05
20030503,44.06,43.41
20030506,43.88,45.61
20030509,44.94,46.63
20030512,45.77,45.8
20030515,45.78,45.8
20030518,44.96,44.37
20030521,43.7,44.03
20030524,44.36,46.58
20030527,47.95,47.44
20030530,47.77,48.77
20030602,48.8,48.73
20030605,48.78,49.65
20030608,48.8,48.47
20030611,48.94,49.25
20030614,49.49,49.12
20030617,50.1,52.23
20030620,52.64,52.44
20030623,53.2,52.66
20030626,51.91,51.94
20030629,49.36,48.21
20030702,47.86,46.5
20030705,45.47,45.03
20030708,43.39,42.99
20030711,42.45,42.48
20030714,43.63,43.8
20030717,43.82,43.92
20030720,44.15,43.13
20030723,43.02,43.33
20030726,41.96,42.82
20030729,43.9,43.27
20030801,43.03,42.15
20030804,42.85,41.79
20030807,41.57,40.71
20030810,40.76,38.97
20030813,40.29,39.33
20030816,39.39,39.18
20030819,38.41,37.53
20030822,38.46,37.94
20030825,38.21,37.41
20030828,36.76,37.23
20030831,38.16,37.99
20030903,36.56,38.56
20030906,37.71,36.16
20030909,38.76,38.35
20030912,36.89,36.21
20030915,36.58,36.77
20030918,35.92,37.74
20030921,37.22,36.03
20030924,36.99,38.32
20030927,37.5,36.1
20030930,37.13,35.09
20031003,33.86,34.83
20031006,34.77,34.51
20031009,34.86,34.71
20031012,33.41,34.69
20031015,36.01,36.22
20031018,36.26,38.6
20031021,38.32,38.06
20031024,38.43,39.9
20031027,41.49,41.23
20031030,41.54,40.16
20031102,39.85,39.01
20031105,38.01,39.69
20031108,38.89,38.36
20031111,38.73,40.03
20031114,40.51,43.27
20031117,43.19,43.45
20031120,43.73,45.16
20031123,45.67,45.55
20031126,44.61,44.85
20031129,46.25,45.84
20031202,46.37,46.62
20031205,47.48,46.67
20031208,49.02,47.74
20031211,47.38,48.31
20031214,48.61,49.44
20031217,48.95,48.87
20031220,48.88,50.45
20031223,51.14,51.94
20031226,51.28,52.25
20031229,52.48,53.86
20040101,55.88,55.57
20040104,55.17,54.3
20040107,54.16,53.78
20040110,54.14,53.99
20040113,53.63,54.69
20040116,53.76,54.19
20040119,53.78,54.51
20040122,55.89,55.59
20040125,56.03,56.21
20040128,55.41,55.65
20040131,55.94,56.35
20040203,56.15,56.25
20040206,55.1,54.74
20040209,55.3,56.19
20040212,55.77,55.87
20040215,56.1,56.3
20040218,56.84,55.03
20040221,54.98,55.22
20040224,54.22,55.89
20040227,56.05,57.61
20040301,56.82,55.92
20040304,56.14,54.46
20040307,54.68,54.77
20040310,55.79,56.49
20040313,56.07,54.98
20040316,56.69,55.9
20040319,54.85,53.77
20040322,54.88,54.36
20040325,53.61,53.75
20040328,53.54,52.86
20040331,53.62,54.68
20040403,55.67,56.44
20040406,56.84,55.06
20040409,56.73,57.03
20040412,57.64,58.76
20040415,60.19,60.61
20040418,61.04,60.44
20040421,60.48,59.62
20040424,58.9,58.01
20040427,57.85,58.9
20040430,62.07,62.26
20040503,60.91,62.18
20040506,61.88,61.22
20040509,61.43,60.19
20040512,60.41,60.32
20040515,60.42,60.8
20040518,60.87,60.89
20040521,61.17,61.59
20040524,60.55,59.12
20040527,59.06,57.63
20040530,57.72,58.66
20040602,59.26,58.21
20040605,57.35,57.68
20040608,57.28,56.96
20040611,57.56,56.57
20040614,56.17,55.37
20040617,54.33,53.47
20040620,54.15,54.2
20040623,53.32,53.09
20040626,51.45,50.72
20040629,52.87,52.78
20040702,53.51,53.44
20040705,53.79,54.46
20040708,53.35,53.32
20040711,54.9,54.1
20040714,53.54,53.23
20040717,53.5,54.02
20040720,55.29,55.79
20040723,55.73,56.99
20040726,57.69,56.2
20040729,58.72,60.49
20040801,60.32,60.7
20040804,62.03,61.85
20040807,62.58,63.69
20040810,62.67,62.07
20040813,62.99,63.45
20040816,64.38,64.25
20040819,63.96,61.96
20040822,60.81,60.86
20040825,61.68,62.21
20040828,62.09,61.81
20040831,62.03,62.11
20040903,63.51,63.66
20040906,62.18,60.91
20040909,62.43,61.26
20040912,62.02,61.75
20040915,61.58,61.45
20040918,62.67,62.48
20040921,62.44,60.91
20040924,61.12,61.65
20040927,61.89,63.29
20040930,63.34,63.64
20041003,65.29,63.74
20041006,63.28,64.71
20041009,65.65,66.32
20041012,67.16,67.48
20041015,69.12,69.49
20041018,69.73,69.89
20041021,70.08,68.93
20041024,69.7,69.57
20041027,71.39,71.31
20041030,71.74,71.98
20041102,71.36,72.35
20041105,74.25,74.24
20041108,73.94,73.58
20041111,71.69,71.51
20041114,71.76,72.82
20041117,73.78,73.36
20041120,73.09,74.21
20041123,74.04,73.53
20041126,74.92,75.96
20041129,75.97,75.38
20041202,73.37,73.96
20041205,73.06,71.1
20041208,72.68,73.33
20041211,72.19,70.98
20041214,71.85,70.97
20041217,72.27,72.88
20041220,73.42,73.83
20041223,74.02,74.9
20041226,74.44,74.53
20041229,75.28,75.84
20050101,74.65,74.15
20050104,74.4,73.99
20050107,75.77,75.38
20050110,75.21,75.98
20050113,76.31,76.17
20050116,75.41,75.71
20050119,76.75,77.23
20050122,76.45,78.19
20050125,76.74,75.16
20050128,76.12,76.35
20050131,75.8,74.7
20050203,77.02,77.14
20050206,77.67,77.99
20050209,78.42,78.96
20050212,79.7,79.32
20050215,79.03,77.29
20050218,76.51,76.78
20050221,77.82,78.42
20050224,78.08,76.82
20050227,74.04,75.19
20050302,74.6,74.16
20050305,74.29,72.88
20050308,72.53,74.56
20050311,75.06,75.42
20050314,73.84,76.08
20050317,74.66,76.58
20050320,74.47,75.87
20050323,77.49,76.67
20050326,77.09,77.64
20050329,76.82,75.37
20050401,74.05,74.6
20050404,74.51,73.95
20050407,74.91,75.42
20050410,74.67,73.46
20050413,73.99,73.45
20050416,73.55,75.13
20050419,75.63,74.77
20050422,74.93,73.97
20050425,75.58,75.02
20050428,75.23,75.54
20050501,75.69,73.74
20050504,72.29,71.84
20050507,72.16,72.02
20050510,71.06,69.71
20050513,69.31,68.84
20050516,69.36,69.03
20050519,69.63,69.04
20050522,68.78,68.43
20050525,67.65,68.28
20050528,67.46,66.94
20050531,66.87,65.57
20050603,65.25,64.53
20050606,64.15,64.09
20050609,63.29,63.07
20050612,64.38,64.35
20050615,65.49,65.84
20050618,66.62,65.84
20050621,65.95,66.08
20050624,65.47,64.64
20050627,63.15,64.65
20050630,63.68,65.02
20050703,64.56,63.69
20050706,64.32,63.69
20050709,64.25,63.92
20050712,64.4,63.43
20050715,64.26,64.75
20050718,63.83,66.48
20050721,67.02,69.31
20050724,70.91,70.72
20050727,70.31,69.9
20050730,68.07,67.38
20050802,67.62,69.15
20050805,68.38,69.26
20050808,68.01,67.42
20050811,66.96,67.33
20050814,67.79,68.75
20050817,69.52,69.77
20050820,70.16,71.75
20050823,71.24,72.01
20050826,70.2,70.61
20050829,70.13,70.13
20050901,71.17,71.34
20050904,72.22,73.7
20050907,74.09,75.26
20050910,74.93,74.92
20050913,74.4,75.44
20050916,75.86,75.35
20050919,75.5,76.54
20050922,76.51,75.56
20050925,75.69,73.71
20050928,74.48,74.06
20051001,73.59,74.46
20051004,73.1,75.04
20051007,74.56,74.04
20051010,75.06,75.77
20051013,78.22,78.01
20051016,77.89,76.41
20051019,76.08,75.36
20051022,74.91,73.16
20051025,74.82,73.41
20051028,70.61,69.42
20051031,68.81,67.66
20051103,68.76,68.62
20051106,68.65,69.26
20051109,69.55,70.52
20051112,69.42,68.87
20051115,69.53,67.0
20051118,65.62,66.13
20051121,65.64,66.58
20051124,67.39,66.19
20051127,66.6,67.8
20051130,67.95,66.97
20051203,67.85,68.49
20051206,69.03,69.74
20051209,66.75,67.63
20051212,69.44,69.87
20051215,70.07,70.76
20051218,71.1,71.75
20051221,71.76,70.99
20051224,69.98,68.99
20051227,67.61,66.55
20051230,68.31,69.06
20060102,68.44,68.05
20060105,68.16,67.5
20060108,67.57,68.35
20060111,68.31,68.65
20060114,69.53,69.26
20060117,69.55,69.24
20060120,69.21,68.88
20060123,68.36,68.53
20060126,69.1,69.24
20060129,69.74,69.0
20060201,67.8,68.22
20060204,68.9,68.95
20060207,70.3,71.21
20060210,73.89,73.69
20060213,72.69,71.95
20060216,71.38,71.86
20060219,69.7,71.02
20060222,70.78,70.54
20060225,69.46,69.34
20060228,69.36,69.23
20060303,69.57,68.98
20060306,68.09,68.64
20060309,68.73,68.93
20060312,69.99,68.97
20060315,68.11,69.37
20060318,67.89,66.58
20060321,67.39,67.63
20060324,67.74,67.65
20060327,67.68,67.59
20060330,68.94,68.54
20060402,68.38,70.18
20060405,70.2,72.44
20060408,72.33,73.7
20060411,72.04,72.2
20060414,70.61,71.46
20060417,70.24,70.53
20060420,70.25,69.09
20060423,67.47,66.96
20060426,68.7,68.4
20060429,69.32,69.26
20060502,70.14,68.31
20060505,67.91,68.86
20060508,68.7,68.61
20060511,68.18,69.33
20060514,69.63,69.67
20060517,70.31,70.9
20060520,71.11,72.66
20060523,72.6,72.88
20060526,72.24,72.39
20060529,73.97,73.33
20060601,72.2,73.19
20060604,73.05,73.14
20060607,73.1,73.18
20060610,74.03,73.19
20060613,72.18,72.26
20060616,70.65,69.28
20060619,71.15,71.9
20060622,71.89,73.13
20060625,72.09,71.78
20060628,72.4,73.29
20060701,73.8,71.26
20060704,70.29,70.77
20060707,70.42,72.96
20060710,73.88,74.44
20060713,73.32,73.29
20060716,73.53,74.66
20060719,75.54,76.57
20060722,75.65,77.06
20060725,75.68,75.14
20060728,75.57,75.42
20060731,74.42,73.6
20060803,72.05,72.58
20060806,73.84,73.74
20060809,73.34,71.87
20060812,72.78,74.99
20060815,73.19,72.13
20060818,71.45,70.89
20060821,71.11,72.73
20060824,73.74,74.26
20060827,73.54,72.42
20060830,71.62,73.17
20060902,73.11,72.66
20060905,72.48,73.3
20060908,71.99,73.41
20060911,73.56,73.35
20060914,73.79,74.01
20060917,73.66,73.41
20060920,72.54,73.2
20060923,72.67,71.71
20060926,71.88,73.21
20060929,73.16,72.55
20061002,72.95,74.89
20061005,73.44,73.82
20061008,74.03,75.19
20061011,76.18,75.99
20061014,74.31,75.11
20061017,74.28,73.33
20061020,74.48,73.57
20061023,74.97,75.31
20061026,75.63,75.93
20061029,74.3,72.52
20061101,72.73,73.3
20061104,73.39,72.56
20061107,72.58,72.5
20061110,71.54,72.56
20061113,70.83,71.42
20061116,71.8,72.81
20061119,71.8,71.91
20061122,74.08,74.74
20061125,74.84,75.38
20061128,75.46,77.66
20061201,78.64,78.55
20061204,78.81,78.42
20061207,79.63,78.22
20061210,76.61,78.07
20061213,80.23,80.69
20061216,80.81,81.46
20061219,80.82,80.99
20061222,81.03,81.65
20061225,80.1,79.59
20061228,80.43,79.76
20061231,78.77,80.81
20070103,80.85,80.27
20070106,78.57,79.3
20070109,80.0,79.7
20070112,78.6,78.58
20070115,77.74,76.8
20070118,76.7,75.64
20070121,75.89,76.5
20070124,75.66,74.29
20070127,75.85,74.91
20070130,74.25,74.47
20070202,75.06,74.81
20070205,75.27,74.87
20070208,73.9,75.32
20070211,77.81,79.51
20070214,79.65,81.48
20070217,81.84,81.36
20070220,81.83,81.73
20070223,80.75,79.85
20070226,80.65,78.81
20070301,79.41,77.78
20070304,75.66,73.82
20070307,75.79,75.59
20070310,75.68,77.1
20070313,78.03,76.64
20070316,77.51,77.69
20070319,77.35,77.38
20070322,78.66,77.77
20070325,78.17,78.16
20070328,76.36,75.56
20070331,75.76,77.05
20070403,78.05,78.65
20070406,77.84,79.64
20070409,79.85,78.85
20070412,78.66,79.56
20070415,79.57,80.45
20070418,81.56,81.96
20070421,81.1,81.24
20070424,81.28,83.14
20070427,81.51,81.38
20070430,80.8,81.13
20070503,78.69,79.81
20070506,79.82,77.98
20070509,77.62,78.22
20070512,76.63,76.64
20070515,75.58,75.02
20070518,75.05,75.23
20070521,74.76,75.04
20070524,75.85,75.57
20070527,77.01,78.47
20070530,78.04,77.4
20070602,75.74,75.61
20070605,75.25,76.03
20070608,74.52,74.24
20070611,75.21,74.48
20070614,73.72,72.27
20070617,74.89,74.14
20070620,72.84,72.04
20070623,71.26,70.99
20070626,71.82,71.52
20070629,70.6,69.15
20070702,69.17,69.21
20070705,70.74,70.83
20070708,70.74,69.68
20070711,69.38,68.94
20070714,68.57,67.61
20070717,68.15,68.01
20070720,67.81,66.09
20070723,66.59,67.07
20070726,66.23,67.22
20070729,65.86,65.84
20070801,65.57,64.25
20070804,64.44,66.14
20070807,66.21,65.75
20070810,66.19,66.3
20070813,66.33,65.9
20070816,67.32,67.78
20070819,67.25,67.14
20070822,66.4,65.79
20070825,65.15,64.02
20070828,64.8,64.5
20070831,65.06,64.39
20070903,64.33,63.62
20070906,64.34,64.09
20070909,63.36,61.72
20070912,61.99,61.28
20070915,61.27,60.78
20070918,61.73,62.27
20070921,62.72,62.11
20070924,62.57,64.29
20070927,63.45,63.63
20070930,61.98,63.38
20071003,62.98,63.76
20071006,62.04,63.83
20071009,63.48,64.02
20071012,64.17,63.92
20071015,65.6,63.96
20071018,64.26,65.17
20071021,65.14,65.02
20071024,64.88,63.65
20071027,63.69,64.2
20071030,64.27,63.99
20071102,63.51,63.23
20071105,64.48,62.4
20071108,62.44,62.11
20071111,63.57,63.62
20071114,65.11,62.98
20071117,63.44,63.72
20071120,65.11,63.47
20071123,63.32,63.38
20071126,62.89,64.1
20071129,63.76,65.8
20071202,66.85,67.8
20071205,68.36,67.3
20071208,66.87,67.44
20071211,68.12,69.43
20071214,68.96,68.1
20071217,68.96,68.15
20071220,69.02,70.22
20071223,70.68,70.32
20071226,70.36,70.95
20071229,70.96,73.16
20080101,72.17,71.17
20080104,70.19,69.6
20080107,67.42,66.79
20080110,66.14,66.22
20080113,66.64,65.4
20080116,66.3,68.1
20080119,67.89,69.46
20080122,69.66,71.65
20080125,72.77,71.21
20080128,71.22,72.28
20080131,72.31,72.27
20080203,73.54,72.83
20080206,72.85,73.17
20080209,72.84,72.82
20080212,73.59,74.03
20080215,73.22,72.11
20080218,71.33,71.33
20080221,71.17,70.33
20080224,69.74,68.22
20080227,68.63,68.59
20080301,67.33,67.36
20080304,68.71,67.97
20080307,69.28,68.96
20080310,69.16,69.25
20080313,70.65,70.81
20080316,69.67,68.36
20080319,66.83,65.12
20080322,65.16,64.2
20080325,64.12,63.42
20080328,62.65,62.17
20080331,62.87,63.8
20080403,64.17,63.18
20080406,63.82,64.51
20080409,64.79,64.18
20080412,64.89,65.32
20080415,62.2,62.84
20080418,60.93,61.59
20080421,61.44,62.63
20080424,62.53,61.65
20080427,61.5,62.56
20080430,62.59,62.47
20080503,63.22,63.43
20080506,63.42,64.79
20080509,66.34,66.96
20080512,66.67,68.17
20080515,69.35,70.07
20080518,68.85,68.99
20080521,68.25,68.09
20080524,68.33,68.43
20080527,67.96,69.23
20080530,67.53,68.26
20080602,66.4,66.79
20080605,65.9,66.78
20080608,66.87,67.11
20080611,66.09,65.44
20080614,65.65,66.23
20080617,69.16,69.38
20080620,70.36,68.8
20080623,67.47,67.12
20080626,65.92,67.41
20080629,67.0,68.38
20080702,69.86,69.91
20080705,70.41,70.35
20080708,70.89,71.37
20080711,71.25,71.76
20080714,73.48,74.19
20080717,74.52,74.64
20080720,73.63,72.6
20080723,72.93,71.56
20080726,70.79,72.07
20080729,73.99,72.32
20080801,73.95,73.74
20080804,73.72,73.61
20080807,74.69,73.08
20080810,73.54,72.59
20080813,73.16,74.7
20080816,74.7,75.08
20080819,75.49,74.69
20080822,76.2,77.91
20080825,78.61,78.68
20080828,78.22,77.59
20080831,79.3,80.72
20080903,80.66,79.08
20080906,76.24,75.16
20080909,75.03,76.43
20080912,75.78,76.28
20080915,77.59,77.71
20080918,77.57,76.26
20080921,75.06,75.48
20080924,75.28,75.4
20080927,75.35,76.02
20080930,75.23,74.9
20081003,76.79,75.99
20081006,75.71,75.12
20081009,75.57,76.59
20081012,76.09,75.66
20081015,75.38,75.91
20081018,75.17,74.79
20081021,72.42,71.04
20081024,70.93,71.83
20081027,72.12,71.02
20081030,69.62,69.8
20081102,68.14,69.21
20081105,69.27,67.67
20081108,66.7,65.98
20081111,65.2,63.71
20081114,62.84,62.15
20081117,61.44,62.57
20081120,62.67,61.68
20081123,61.35,60.47
20081126,60.17,61.04
20081129,61.29,63.58
20081202,63.96,63.04
20081205,63.85,64.93
20081208,66.03,64.93
20081211,64.78,65.92
20081214,64.23,63.73
20081217,62.31,61.37
20081220,60.36,61.61
20081223,61.38,60.51
20081226,59.48,59.62
20081229,59.61,60.95
20090101,61.45,60.02
20090104,59.39,60.46
20090107,59.84,61.58
20090110,60.48,61.05
20090113,60.19,59.68
20090116,60.78,60.65
20090119,61.46,61.94
20090122,62.69,61.8
20090125,61.58,62.01
20090128,61.16,62.79
20090131,62.01,61.71
20090203,60.7,58.56
20090206,60.36,60.15
20090209,59.7,59.5
20090212,60.92,59.96
20090215,60.64,60.21
20090218,59.62,60.19
20090221,61.17,60.66
20090224,59.89,58.72
20090227,59.83,59.25
20090302,57.4,58.81
20090305,57.44,58.22
20090308,58.4,58.69
20090311,58.11,58.47
20090314,56.81,57.39
20090317,58.95,59.83
20090320,57.81,56.83
20090323,56.64,57.13
20090326,57.02,56.53
20090329,57.13,58.29
20090401,58.06,58.79
20090404,56.21,55.27
20090407,54.95,54.46
20090410,54.79,55.81
20090413,56.31,55.69
20090416,54.17,54.72
20090419,52.89,53.54
20090422,53.35,52.18
20090425,52.46,52.46
20090428,52.42,52.34
20090501,52.76,53.68
20090504,54.18,55.19
20090507,55.15,56.77
20090510,57.34,56.79
20090513,55.7,55.91
20090516,54.6,53.63
20090519,53.86,53.26
20090522,52.32,52.29
20090525,52.36,52.16
20090528,51.78,52.63
20090531,52.98,52.75
20090603,55.22,55.41
20090606,56.54,55.98
20090609,54.62,53.83
20090612,53.56,53.06
20090615,54.4,54.28
20090618,54.74,54.69
20090621,54.26,54.3
20090624,56.01,55.24
20090627,56.01,54.98
20090630,54.52,54.53
20090703,54.85,56.34
20090706,56.29,55.44
20090709,56.09,55.73
20090712,55.97,55.85
20090715,53.91,54.42
20090718,55.0,55.93
20090721,57.73,56.53
20090724,57.05,57.46
20090727,57.04,57.44
20090730,57.94,56.72
20090802,56.96,56.05
20090805,55.39,53.62
20090808,53.15,52.94
20090811,53.49,53.49
20090814,51.95,52.81
20090817,52.69,53.18
20090820,54.15,55.57
20090823,57.53,57.46
20090826,57.77,56.69
20090829,57.75,56.57
20090901,54.76,55.59
20090904,55.07,55.85
20090907,56.26,54.63
20090910,51.91,50.81
20090913,50.83,49.61
20090916,48.95,47.5
20090919,47.67,47.76
20090922,47.27,48.67
20090925,50.17,50.73
20090928,48.93,47.83
20091001,48.24,47.61
20091004,47.12,48.02
20091007,48.53,49.85
20091010,49.42,50.79
20091013,50.24,51.74
20091016,51.84,50.98
20091019,49.35,49.05
20091022,48.79,49.65
20091025,49.54,49.11
20091028,50.19,49.96
20091031,49.38,49.96
20091103,49.47,50.13
20091106,49.53,49.31
20091109,49.46,49.09
20091112,49.07,49.89
20091115,50.3,50.78
20091118,50.14,51.0
20091121,51.67,52.67
20091124,51.94,51.77
20091127,52.41,51.8
20091130,51.57,53.5
20091203,55.45,56.69
20091206,57.63,56.61
20091209,57.12,56.76
20091212,55.7,55.19
20091215,55.31,54.76
20091218,54.21,55.0
20091221,55.15,55.38
20091224,55.49,54.82
20091227,53.45,53.76
20091230,53.25,51.24
20100102,50.85,49.75
20100105,50.45,50.97
20100108,51.47,50.81
20100111,51.54,51.86
20100114,51.45,50.99
20100117,51.89,51.41
20100120,51.72,52.75
20100123,54.66,56.32
20100126,57.22,55.72
20100129,55.03,54.48
20100201,56.14,55.44
20100204,55.82,55.92
20100207,54.99,55.37
20100210,55.77,54.51
20100213,55.73,53.65
20100216,53.06,54.03
20100219,52.84,53.19
20100222,51.89,51.8
20100225,49.48,48.64
20100228,47.1,46.7
20100303,46.28,45.61
20100306,46.41,45.52
20100309,46.15,47.78
20100312,47.92,47.06
20100315,45.81,45.1
20100318,45.81,45.96
20100321,46.9,47.67
20100324,47.81,48.29
20100327,50.14,51.56
20100330,51.25,52.24
20100402,52.83,53.97
20100405,54.64,53.66
20100408,52.04,52.62
20100411,54.52,53.74
20100414,53.56,52.52
20100417,53.7,51.39
20100420,49.13,49.5
20100423,49.42,48.94
20100426,48.64,49.18
20100429,48.76,47.67
20100502,46.74,47.63
20100505,47.1,45.72
20100508,45.82,46.32
20100511,47.65,47.87
20100514,47.21,47.69
20100517,48.41,48.37
20100520,48.33,48.59
20100523,48.52,48.77
20100526,47.75,46.6
20100529,45.76,46.4
20100601,46.66,47.7
20100604,47.52,46.37
20100607,47.52,47.5
20100610,48.78,49.38
20100613,51.57,51.35
20100616,52.25,53.14
20100619,52.59,52.41
20100622,50.95,49.4
20100625,49.53,50.32
20100628,50.96,51.3
20100701,52.16,51.57
20100704,51.3,52.04
20100707,52.47,52.26
20100710,53.58,52.29
20100713,51.77,51.49
20100716,52.3,52.31
20100719,51.05,51.56
20100722,52.65,53.39
20100725,54.01,52.13
20100728,51.23,51.71
20100731,51.66,52.18
20100803,50.91,50.85
20100806,49.46,47.51
20100809,47.81,48.65
20100812,48.89,48.86
20100815,47.3,48.3
20100818,48.26,50.22
20100821,51.16,49.16
20100824,49.91,48.52
20100827,47.76,47.51
20100830,47.41,47.81
20100902,46.79,45.64
20100905,46.24,46.22
20100908,46.4,44.2
20100911,44.03,43.14
20100914,42.22,43.14
20100917,42.04,40.95
20100920,40.62,41.07
20100923,40.18,41.42
20100926,42.87,41.99
20100929,41.74,40.96
20101002,39.28,39.58
20101005,40.31,42.33
20101008,41.43,42.76
20101011,44.11,44.3
20101014,44.91,45.78
20101017,47.75,48.23
20101020,48.17,47.31
20101023,47.61,48.64
20101026,48.88,48.1
20101029,48.19,48.06
20101101,48.32,46.66
20101104,47.21,47.81
20101107,48.25,48.25
20101110,46.44,46.42
20101113,47.49,46.63
20101116,44.64,43.1
20101119,43.41,43.78
20101122,44.67,44.61
20101125,43.11,42.29
20101128,43.11,43.25
20101201,43.9,44.34
20101204,44.13,43.96
20101207,45.82,46.23
20101210,46.1,46.56
20101213,46.78,44.62
20101216,45.27,47.09
20101219,46.31,47.77
20101222,47.51,47.81
20101225,48.88,48.16
20101228,49.4,48.18
20101231,47.31,46.72
20110103,47.38,47.04
20110106,45.52,45.3
20110109,44.52,45.25
20110112,44.9,44.97
20110115,44.57,45.0
20110118,44.82,45.14
20110121,42.55,42.65
20110124,43.06,42.86
20110127,43.53,44.27
20110130,45.58,45.68
20110202,43.77,41.48
20110205,39.88,39.84
20110208,39.68,39.96
20110211,39.33,38.6
20110214,39.15,39.81
20110217,39.55,39.51
20110220,39.92,40.42
20110223,39.28,38.56
20110226,37.33,36.82
20110301,37.63,38.18
20110304,37.08,37.59
20110307,37.68,37.19
20110310,35.78,35.61
20110313,36.29,34.12
20110316,33.73,35.98
20110319,36.65,36.91
20110322,36.18,35.5
20110325,35.41,37.02
20110328,37.48,36.61
20110331,37.79,37.49
20110403,39.19,38.63
20110406,37.62,37.8
20110409,38.78,39.82
20110412,39.98,38.99
20110415,38.48,36.46
20110418,35.55,35.37
20110421,35.76,35.42
20110424,35.36,34.97
20110427,35.72,34.82
20110430,35.66,37.62
20110503,38.09,37.56
20110506,37.03,38.24
20110509,37.11,36.16
20110512,34.99,33.71
20110515,32.67,33.46
20110518,34.56,33.86
20110521,34.07,34.83
20110524,34.93,33.98
20110527,32.51,33.52
20110530,34.01,34.59
20110602,33.48,33.72
20110605,34.35,34.66
20110608,33.92,34.93
20110611,33.4,34.33
20110614,35.41,36.98
20110617,36.64,35.64
20110620,36.43,35.74
20110623,35.78,35.46
20110626,34.56,34.88
20110629,33.49,34.08
20110702,33.11,31.38
20110705,31.33,31.76
20110708,32.34,33.16
20110711,30.81,29.8
20110714,29.91,31.43
20110717,32.21,34.11
20110720,33.59,33.86
20110723,32.76,32.36
20110726,31.62,30.99
20110729,30.59,30.6
20110801,30.62,31.16
20110804,31.3,30.96
20110807,30.44,30.13
20110810,29.68,30.17
20110813,31.04,32.31
20110816,31.51,31.98
20110819,30.59,30.96
20110822,32.04,31.89
20110825,32.97,31.83
20110828,30.94,30.8
20110831,31.82,31.41
20110903,30.95,29.96
20110906,30.16,31.41
20110909,32.11,32.81
20110912,32.6,32.04
20110915,32.72,32.68
20110918,32.51,33.41
20110921,33.21,32.37
20110924,33.28,33.36
20110927,32.33,31.21
20110930,31.31,33.65
20111003,33.25,32.92
20111006,34.44,34.38
20111009,32.93,31.36
20111012,32.59,33.25
20111015,34.08,34.02
20111018,33.3,33.08
20111021,33.22,32.38
20111024,32.94,31.68
20111027,31.35,31.14
20111030,30.45,28.25
20111102,28.69,27.94
20111105,29.26,28.92
20111108,28.38,28.47
20111111,29.53,28.96
20111114,29.98,31.42
20111117,32.41,34.03
20111120,35.33,36.84
20111123,38.45,38.65
20111126,38.22,35.96
20111129,34.64,34.19
20111202,33.81,33.66
20111205,32.66,31.06
20111208,30.93,30.74
20111211,29.93,29.19
20111214,28.25,27.85
20111217,27.0,28.26
20111220,28.5,27.53
20111223,27.25,26.07
20111226,27.08,28.46
20111229,29.71,28.57
20120101,28.48,28.08
20120104,28.64,27.63
20120107,26.95,26.54
20120110,26.69,27.39
20120113,27.06,27.72
20120116,28.55,28.33
20120119,27.09,25.92
20120122,26.51,26.03
20120125,24.32,24.93
20120128,25.06,23.66
20120131,24.83,25.67
20120203,25.81,24.54
20120206,23.13,22.83
20120209,21.11,21.52
20120212,20.11,20.27
20120215,19.98,20.7
20120218,19.76,20.03
20120221,18.64,19.43
20120224,19.32,19.81
20120227,18.49,18.99
20120301,19.3,19.66
20120304,19.97,19.78
20120307,21.02,20.87
20120310,20.13,20.07
20120313,19.12,18.65
20120316,18.48,18.1
20120319,18.3,20.24
20120322,20.81,21.88
20120325,21.38,20.79
20120328,20.42,21.27
20120331,19.12,18.09
20120403,18.19,17.97
20120406,19.93,20.38
20120409,19.72,18.14
20120412,17.8,16.5
20120415,16.96,17.13
20120418,17.45,19.52
20120421,18.62,18.42
20120424,17.21,17.13
20120427,18.72,19.29
20120430,19.18,19.43
20120503,18.22,17.83
20120506,17.91,18.01
20120509,16.48,16.81
20120512,17.09,16.71
20120515,16.71,15.23
20120518,13.75,13.89
20120521,13.22,13.21
20120524,14.05,13.87
20120527,11.06,10.91
20120530,10.43,10.19
20120602,11.09,9.52
20120605,9.76,11.33
20120608,10.7,11.18
20120611,12.14,12.35
20120614,11.67,10.96
20120617,11.7,12.29
20120620,11.51,10.33
20120623,9.05,10.71
20120626,10.64,13.0
20120629,13.56,14.0
20120702,14.31,15.31
20120705,14.34,16.5
20120708,16.4,15.7
20120711,16.0,17.09
20120714,16.08,16.65
20120717,15.93,15.43
20120720,14.94,15.7
20120723,14.59,14.78
20120726,14.44,13.59
20120729,12.38,11.18
20120801,9.54,10.44
20120804,10.2,10.36
20120807,11.54,10.31
20120810,9.37,9.63
20120813,7.8,7.23
20120816,6.3,6.63
20120819,6.2,8.21
20120822,9.15,8.3
20120825,7.91,7.56
20120828,10.87,9.36
20120831,9.56,7.48
20120903,7.47,9.38
20120906,8.97,10.08
20120909,10.01,9.59
20120912,9.34,8.75
20120915,8.12,6.79
20120918,8.3,7.91
20120921,8.2,7.32
20120924,8.44,8.17
20120927,8.08,6.25
20120930,6.64,8.46
20121003,7.59,7.13
20121006,5.99,6.12
20121009,6.18,6.89
20121012,7.44,6.63
20121015,6.85,6.52
20121018,5.43,5.31
20121021,9.11,11.42
20121024,11.56,13.3
20121027,13.26,13.2
20121030,11.25,10.29
20121102,9.51,9.62
20121105,9.63,9.05
20121108,8.46,8.3
20121111,6.92,6.3
20121114,5.92,4.67
20121117,4.34,3.51
20121120,4.74,4.5
20121123,4.31,4.74
20121126,5.29,3.56
20121129,3.18,2.27
20121202,2.13,1.59
20121205,1.75,0.77
20121208,0.2,-0.39
20121211,0.69,1.06
20121214,1.43,1.14
20121217,0.76,1.32
20121220,2.1,2.11
20121223,3.25,4.53
20121226,2.86,3.29
20121229,3.25,3.64
20130101,4.75,3.83
20130104,2.21,3.32
20130107,2.32,1.63
20130110,1.84,1.15
20130113,-0.44,-0.41
20130116,-1.19,-0.59
20130119,-1.09,-1.78
20130122,-1.99,-0.94
20130125,-0.03,-1.13
20130128,1.67,1.35
20130131,0.2,1.08
20130203,0.72,2.88
20130206,3.72,3.52
20130209,5.1,5.95
20130212,4.72,5.61
20130215,5.09,5.01
20130218,5.14,4.26
20130221,2.93,3.29
20130224,1.91,-0.67
20130227,-1.5,-1.17
20130302,-1.44,-0.18
20130305,0.01,-0.76
20130308,-1.2,-2.64
20130311,-1.55,-2.93
20130314,-3.85,-4.01
20130317,-4.01,-5.51
20130320,-6.42,-6.15
20130323,-5.02,-4.67
20130326,-4.7,-6.26
20130329,-6.88,-6.36
20130401,-5.28,-4.39
20130404,-4.25,-3.04
20130407,-0.16,-0.76
20130410,-1.52,-0.0
20130413,0.23,0.35
20130416,0.74,0.08
20130419,-0.95,-1.73
20130422,-0.48,-1.92
20130425,-1.42,-1.98
20130428,-2.33,-1.59
20130501,-0.74,-0.4
20130504,-2.27,-0.7
20130507,0.61,0.7
20130510,0.71,2.51
20130513,3.46,3.43
20130516,3.14,2.94
20130519,4.12,5.16
20130522,3.55,4.01
20130525,4.87,3.37
20130528,3.37,1.59
20130531,1.72,-0.37
20130603,-1.05,-1.66
20130606,-2.37,-0.92
20130609,-0.38,-0.78
20130612,-1.71,-1.95
20130615,-2.98,-2.01
20130618,-0.01,1.04
20130621,1.37,1.21
20130624,0.8,2.55
20130627,1.97,3.53
20130630,2.4,2.11
20130703,0.39,0.55
20130706,-0.71,0.95
20130709,1.37,1.9
20130712,2.19,1.09
20130715,1.22,3.05
20130718,3.06,2.05
20130721,0.19,-0.52
20130724,-2.28,-1.45
20130727,-0.67,-1.55
20130730,-0.93,-1.51
20130802,-1.55,-1.18
20130805,-1.63,-1.21
20130808,-2.89,-2.78
20130811,-2.81,-4.86
20130814,-6.67,-8.53
20130817,-8.11,-7.99
20130820,-7.72,-9.04
20130823,-7.9,-6.92
20130826,-7.69,-6.51
20130829,-6.76,-8.54
20130901,-10.17,-9.44
20130904,-9.54,-8.66
20130907,-8.75,-8.48
20130910,-6.36,-4.96
20130913,-5.39,-5.02
20130916,-4.52,-3.76
20130919,-3.69,-4.18
20130922,-4.19,-4.67
20130925,-2.98,-1.74
20130928,-1.95,-1.52
20131001,-1.68,-0.49
20131004,0.56,1.13
20131007,2.0,2.66
20131010,3.83,4.36
20131013,4.51,3.94
20131016,2.37,2.34
20131019,1.6,1.66
20131022,2.8,2.97
20131025,2.56,1.7
20131028,0.27,1.6
20131031,-0.17,-1.11
20131103,-3.42,-3.74
20131106,-4.08,-4.48
20131109,-4.55,-5.37
20131112,-6.28,-4.46
20131115,-4.8,-3.89
20131118,-4.73,-3.11
20131121,-1.6,-1.37
20131124,-2.47,-2.38
20131127,-2.33,-2.09
20131130,-3.07,-4.59
20131203,-4.43,-4.44
20131206,-4.44,-3.41
20131209,-4.89,-3.88
20131212,-4.62,-5.02
20131215,-5.84,-5.75
20131218,-7.66,-8.23
20131221,-8.74,-7.48
20131224,-7.33,-6.63
20131227,-6.63,-7.68
20131230,-6.77,-7.61
20140102,-8.14,-7.96
20140105,-7.01,-7.21
20140108,-5.7,-6.27
20140111,-5.61,-5.61
20140114,-4.06,-3.84
20140117,-5.72,-4.63
20140120,-4.71,-5.27
20140123,-4.05,-4.38
20140126,-3.78,-4.54
20140129,-5.38,-3.57
20140201,-4.36,-4.94
20140204,-6.65,-5.02
20140207,-4.62,-4.38
20140210,-3.41,-4.74
20140213,-5.28,-5.37
20140216,-6.92,-5.61
20140219,-5.63,-5.95
20140222,-5.71,-6.47
20140225,-6.42,-2.99
20140228,-2.39,-0.72
20140303,-1.08,-1.83
20140306,-1.52,-2.86
20140309,-5.17,-4.43
20140312,-3.79,-2.96
20140315,-2.93,-0.95
20140318,-1.04,-1.59
20140321,-4.6,-4.65
20140324,-3.82,-3.81
20140327,-2.69,-0.39
20140330,-0.56,0.67
20140402,-0.92,0.11
20140405,0.18,-0.04
20140408,-0.21,-0.36
20140411,-0.67,-0.47
20140414,-0.65,-1.8
20140417,-1.39,-2.0
20140420,-0.95,-0.98
20140423,-0.85,-2.9
20140426,-4.16,-3.22
20140429,-3.95,-4.49
20140502,-4.76,-3.4
20140505,-3.03,-1.72
20140508,-1.98,-1.77
20140511,-2.97,-1.8
20140514,-1.69,-1.64
20140517,-1.31,0.14
20140520,-0.07,1.59
20140523,0.74,1.16
20140526,3.17,2.68
20140529,2.93,3.8
20140601,3.66,2.16
20140604,1.11,1.69
20140607,2.58,3.37
20140610,4.51,4.58
20140613,4.79,3.27
20140616,3.59,4.2
20140619,3.62,4.26
20140622,2.45,3.2
20140625,3.5,5.61
20140628,7.02,8.53
20140701,9.35,9.99
20140704,8.81,8.48
20140707,10.3,8.85
20140710,8.4,6.98
20140713,8.43,7.86
20140716,9.41,8.99
20140719,8.49,9.77
20140722,10.71,7.99
20140725,8.44,9.04
20140728,9.25,8.6
20140731,8.62,8.23
20140803,8.44,8.23
20140806,7.61,7.78
20140809,8.58,8.87
20140812,8.31,8.65
20140815,9.72,11.32
20140818,12.52,13.06
20140821,12.05,10.69
20140824,10.48,9.07
20140827,8.29,8.12
20140830,7.63,7.31
20140902,5.98,6.21
20140905,7.21,6.66
20140908,7.38,10.05
20140911,9.96,10.61
20140914,10.8,11.77
20140917,10.05,9.0
20140920,9.14,10.03
20140923,10.16,8.49
20140926,7.67,6.88
20140929,7.26,6.5
20141002,5.82,6.91
20141005,8.24,7.83
20141008,8.25,6.37
20141011,6.57,7.76
20141014,8.29,8.39
20141017,8.0,7.35
20141020,7.17,5.62
20141023,7.23,7.8
20141026,7.69,7.07
20141029,7.0,7.8
20141101,8.81,7.91
20141104,6.94,9.01
20141107,10.15,10.86
20141110,10.72,11.64
20141113,10.37,11.9
20141116,11.87,12.66
20141119,13.3,13.17
20141122,13.0,14.22
20141125,15.25,13.47
20141128,11.78,10.84
20141201,9.94,8.82
20141204,9.1,8.63
20141207,9.84,11.29
20141210,11.26,12.95
20141213,12.97,12.53
20141216,12.6,13.54
20141219,11.93,11.72
20141222,12.02,12.38
20141225,12.01,12.5
20141228,12.79,12.2
20141231,14.38,14.82
20150103,14.49,13.92
20150106,14.95,15.05
20150109,17.6,17.16
20150112,15.92,15.89
20150115,16.07,13.95
20150118,13.64,13.27
20150121,12.9,12.27
20150124,10.93,11.69
20150127,11.1,10.08
20150130,9.32,8.85
20150202,8.96,9.63
20150205,8.67,8.19
20150208,6.85,3.46
20150211,3.61,5.13
20150214,5.65,5.15
20150217,5.24,4.07
20150220,3.95,3.52
20150223,2.67,3.07
20150226,5.67,7.34
20150301,7.26,8.15
20150304,9.01,8.36
20150307,9.01,7.57
20150310,6.76,7.0
20150313,6.59,8.34
20150316,8.99,8.61
20150319,8.14,8.32
20150322,7.27,7.86
20150325,6.49,7.11
20150328,6.95,7.36
20150331,6.35,6.59
20150403,9.01,8.55
20150406,8.87,10.37
20150409,11.13,11.57
20150412,10.55,9.27
20150415,9.33,8.86
20150418,8.85,9.05
20150421,8.38,8.87
20150424,10.73,9.72
20150427,9.25,9.2
20150430,10.34,9.15
20150503,8.09,5.92
20150506,5.48,6.16
20150509,7.23,7.59
20150512,6.99,7.69
20150515,7.9,5.98
20150518,4.75,6.26
20150521,6.58,5.21
20150524,6.03,7.09
20150527,6.65,7.31
20150530,3.57,4.54
20150602,5.72,4.59
20150605,4.88,4.54
20150608,4.44,4.01
20150611,2.68,4.57
20150614,4.26,4.36
20150617,3.35,2.32
20150620,2.73,3.26
20150623,4.13,5.24
20150626,5.03,4.58
20150629,5.33,4.69
20150702,5.57,5.94
20150705,7.09,7.77
20150708,6.71,5.84
20150711,6.58,8.48
20150714,7.16,7.18
20150717,7.47,5.94
20150720,6.42,6.33
20150723,4.23,5.85
20150726,4.99,3.71
20150729,4.13,4.68
20150801,5.42,5.03
20150804,5.02,4.29
20150807,2.98,4.06
20150810,3.96,3.78
20150813,1.78,1.6
20150816,0.76,0.58
20150819,0.36,-0.08
20150822,0.85,1.3
20150825,2.43,1.1
20150828,0.45,0.41
20150831,0.01,-0.07
20150903,-1.25,-1.97
20150906,-3.61,-4.5
20150909,-3.81,-4.02
20150912,-2.52,-3.11
20150915,-2.99,-4.21
20150918,-1.61,-1.78
20150921,-0.95,-0.54
20150924,-1.12,-2.46
20150927,-2.3,-2.86
20150930,-3.01,-2.36
20151003,-2.28,-1.9
20151006,-1.75,-3.22
20151009,-1.83,-0.65
20151012,-1.79,-1.28
20151015,-1.94,-2.69
20151018,-2.69,-0.95
20151021,0.11,0.72
20151024,-0.43,2.12
20151027,2.99,0.64
20151030,1.04,0.56
20151102,0.97,1.37
20151105,0.45,2.27
20151108,2.47,3.41
20151111,4.77,4.03
20151114,3.12,4.24
20151117,5.63,4.25
20151120,6.27,6.03
20151123,6.72,7.29
20151126,6.31,5.45
20151129,3.37,2.22
20151202,0.73,0.77
20151205,2.14,2.12
20151208,2.45,3.23
20151211,3.91,3.53
20151214,2.06,1.63
20151217,1.7,0.82
20151220,1.19,0.89
20151223,1.52,0.71
20151226,-0.21,1.56
20151229,1.59,2.15
20160101,1.05,0.67
20160104,1.35,2.92
20160107,2.19,1.39
20160110,1.37,-0.16
20160113,-0.19,-0.25
20160116,0.47,1.89
20160119,2.46,3.2
20160122,3.25,2.89
20160125,0.9,0.01
20160128,0.23,-1.42
20160131,-1.18,-1.58
20160203,-2.6,-3.07
20160206,-2.34,-1.45
20160209,-3.39,-3.54
20160212,-2.63,-2.88
20160215,-2.78,-4.27
20160218,-4.75,-2.92
20160221,-3.71,-5.15
20160224,-5.0,-4.21
20160227,-3.02,-3.54
20160301,-3.31,-2.77
20160304,-2.12,-2.67
20160307,-0.95,-1.64
20160310,-0.93,-0.96
20160313,-1.54,-2.19
20160316,-2.77,-3.22
20160319,-4.24,-3.54
20160322,-4.24,-4.86
20160325,-4.37,-4.48
20160328,-5.9,-6.84
20160331,-7.03,-7.61
20160403,-6.86,-7.62
20160406,-8.59,-9.6
20160409,-9.19,-8.71
20160412,-10.38,-9.76
20160415,-8.9,-10.59
20160418,-11.28,-9.85
20160421,-8.85,-8.82
20160424,-8.32,-6.21
20160427,-5.7,-6.93
20160430,-5.56,-6.43
20160503,-5.44,-4.78
20160506,-3.89,-2.35
20160509,-3.82,-3.89
20160512,-1.94,-0.96
20160515,-0.79,-1.81
20160518,-1.7,-2.62
20160521,-4.08,-3.51
20160524,-3.44,-4.22
20160527,-3.82,-4.32
20160530,-2.54,-2.58
20160602,-1.0,-1.81
20160605,-1.2,0.65
20160608,0.92,2.05
20160611,0.32,1.02
20160614,1.05,1.82
20160617,2.69,0.43
20160620,-0.01,-0.68
20160623,-0.53,-2.47
20160626,-3.56,-2.56
20160629,-2.38,-3.47
20160702,-3.73,-2.63
20160705,-4.47,-4.68
20160708,-4.91,-4.72
20160711,-4.22,-2.31
20160714,-1.75,-2.34
20160717,-1.08,-1.94
20160720,-1.51,0.07
20160723,1.14,1.95
20160726,-0.28,-0.38
20160729,-0.97,0.36
20160801,1.2,1.46
20160804,2.26,1.61
20160807,2.24,2.34
20160810,0.65,1.0
20160813,1.7,2.9
20160816,3.42,4.43
20160819,2.7,2.33
20160822,2.18,1.85
20160825,1.76,1.19
20160828,1.92,0.93
20160831,1.06,1.13
20160903,1.27,0.33
20160906,1.73,1.5
20160909,0.06,0.86
20160912,0.86,0.76
20160915,0.67,1.06
20160918,1.01,0.23
20160921,-1.18,-0.88
20160924,-2.4,-1.28
20160927,-2.23,-3.08
20160930,-4.07,-5.43
20161003,-6.2,-6.48
20161006,-8.81,-11.26
20161009,-11.97,-11.09
20161012,-12.39,-12.47
20161015,-11.04,-12.36
20161018,-12.8,-13.54
20161021,-12.65,-12.19
20161024,-11.57,-9.07
20161027,-7.44,-7.54
20161030,-7.74,-9.19
20161102,-10.91,-10.96
20161105,-12.25,-11.63
20161108,-12.42,-13.0
20161111,-14.56,-12.45
20161114,-11.69,-12.4
20161117,-12.25,-10.92
20161120,-11.85,-9.94
20161123,-10.98,-11.15
20161126,-12.8,-15.34
20161129,-14.33,-14.25
20161202,-15.98,-17.62
20161205,-16.48,-16.63
20161208,-15.2,-14.56
20161211,-14.63,-14.59
20161214,-15.15,-15.05
20161217,-15.11,-14.27
20161220,-14.44,-13.61
20161223,-12.69,-12.51
20161226,-13.83,-13.99
20161229,-15.89,-17.1
20170101,-16.37,-15.87
20170104,-15.88,-16.18
20170107,-16.92,-17.43
20170110,-16.47,-15.99
20170113,-17.36,-17.16
20170116,-17.02,-15.37
20170119,-17.13,-17.91
20170122,-16.94,-18.05
20170125,-15.67,-16.84
20170128,-16.82,-16.26
20170131,-15.37,-14.66
20170203,-15.12,-14.21
20170206,-14.96,-15.5
20170209,-15.04,-13.53
20170212,-13.76,-14.65
20170215,-13.44,-14.71
20170218,-12.87,-13.85
20170221,-13.21,-12.28
20170224,-11.5,-11.27
20170227,-11.22,-12.88
20170302,-13.66,-12.93
20170305,-12.27,-13.31
20170308,-12.96,-12.71
20170311,-10.96,-11.37
20170314,-11.89,-12.82
20170317,-13.82,-13.44
20170320,-14.15,-13.07
20170323,-13.7,-12.16
20170326,-11.75,-11.49
20170329,-12.64,-12.31
20170401,-12.26,-11.63
20170404,-12.14,-13.6
20170407,-13.32,-13.18
20170410,-12.94,-11.93
20170413,-12.87,-15.25
20170416,-14.78,-14.37
20170419,-14.85,-14.68
20170422,-15.73,-17.83
20170425,-19.53,-19.48
20170428,-18.1,-18.49
20170501,-17.68,-18.27
20170504,-18.33,-17.53
20170507,-17.4,-17.94
20170510,-18.8,-18.9
20170513,-17.71,-19.28
20170516,-18.43,-18.14
20170519,-19.11,-19.13
20170522,-19.33,-20.28
20170525,-20.82,-22.08
20170528,-24.15,-24.0
20170531,-22.95,-21.32
20170603,-22.43,-20.28
20170606,-18.76,-17.33
20170609,-18.12,-18.68
20170612,-20.62,-20.43
20170615,-20.82,-20.66
20170618,-21.49,-20.82
20170621,-20.48,-21.62
20170624,-21.67,-21.38
20170627,-19.38,-19.28
20170630,-20.22,-20.54
20170703,-20.57,-20.7
20170706,-22.54,-22.87
20170709,-23.57,-23.83
20170712,-21.71,-22.54
20170715,-21.1,-19.94
20170718,-19.26,-19.25
20170721,-18.6,-19.05
20170724,-19.6,-20.34
20170727,-20.07,-20.28
20170730,-20.52,-19.1
20170802,-19.8,-19.07
20170805,-19.59,-21.18
20170808,-22.61,-23.1
20170811,-22.47,-21.83
20170814,-22.07,-21.45
20170817,-21.38,-21.64
20170820,-20.78,-19.59
20170823,-18.58,-18.88
20170826,-18.32,-20.45
20170829,-20.25,-19.89
20170901,-19.74,-19.96
20170904,-18.66,-18.75
20170907,-18.89,-19.13
20170910,-18.1,-18.39
20170913,-19.22,-19.33
20170916,-17.62,-17.92
20170919,-17.31,-17.59
20170922,-17.86,-18.42
20170925,-19.64,-19.75
20170928,-19.03,-17.46
20171001,-17.01,-17.83
20171004,-17.08,-16.63
20171007,-15.23,-13.14
20171010,-11.93,-12.32
20171013,-12.48,-11.32
20171016,-11.83,-11.97
20171019,-11.34,-10.27
20171022,-10.04,-12.94
20171025,-12.6,-12.91
20171028,-13.88,-13.86
20171031,-12.74,-13.87
20171103,-12.28,-11.3
20171106,-10.37,-11.18
20171109,-11.43,-11.81
20171112,-11.81,-11.88
20171115,-12.19,-12.37
20171118,-12.58,-12.32
20171121,-13.97,-13.48
20171124,-11.78,-10.71
20171127,-11.66,-10.61
20171130,-8.32,-8.57
20171203,-7.84,-5.55
20171206,-4.52,-2.96
20171209,-4.06,-3.82
20171212,-3.43,-2.87
20171215,-2.08,-1.92
20171218,-3.23,-2.17
20171221,-1.79,-2.97
20171224,-2.21,-1.66
20171227,-1.12,-1.41
20171230,0.23,0.8
20180102,0.01,-1.53
20180105,-2.3,-4.67
20180108,-4.93,-4.8
20180111,-6.01,-6.55
20180114,-5.0,-4.89
20180117,-3.36,-3.54
20180120,-3.72,-5.92
20180123,-5.19,-4.09
20180126,-4.43,-4.74
20180129,-3.93,-4.67
20180201,-5.45,-5.13
20180204,-5.74,-5.13
20180207,-6.05,-4.54
20180210,-3.88,-3.81
20180213,-4.69,-5.75
20180216,-6.64,-8.08
20180219,-6.74,-6.39
20180222,-5.32,-3.58
20180225,-2.28,-1.83
20180228,-2.24,-1.49
20180303,-1.28,-1.54
20180306,-2.05,-0.97
20180309,0.5,0.23
20180312,-0.21,0.49
20180315,-0.15,0.46
20180318,2.19,1.78
20180321,1.8,3.79
20180324,3.42,3.56
20180327,2.62,1.91
20180330,0.54,3.46
20180402,4.03,3.99
20180405,2.93,1.1
20180408,1.35,1.2
20180411,1.7,2.4
20180414,3.41,3.37
20180417,3.99,3.58
20180420,2.73,2.39
20180423,3.16,3.77
20180426,3.75,4.08
20180429,5.68,3.88
20180502,2.63,2.61
20180505,3.31,3.1
20180508,4.0,0.99
20180511,-1.34,-1.9
20180514,0.76,0.76
20180517,-1.48,-1.84
20180520,-1.22,-0.26
20180523,0.21,-0.02
20180526,0.65,1.81
20180529,1.25,1.13
20180601,0.99,-0.71
20180604,-1.97,-4.29
20180607,-4.2,-4.5
20180610,-4.84,-4.87
20180613,-4.36,-5.03
20180616,-3.85,-5.45
20180619,-5.46,-5.56
20180622,-4.71,-5.2
20180625,-4.13,-4.37
20180628,-4.47,-4.62
20180701,-3.92,-3.07
20180704,-3.67,-5.08
20180707,-6.06,-5.9
20180710,-5.91,-5.77
20180713,-6.5,-5.7
20180716,-5.88,-7.51
20180719,-7.36,-6.81
20180722,-6.67,-6.54
20180725,-6.31,-7.36
20180728,-5.83,-6.16
20180731,-4.69,-5.24
20180803,-4.28,-4.04
20180806,-3.94,-4.88
20180809,-3.67,-3.25
20180812,-3.34,-2.13
20180815,-2.05,0.16
20180818,1.18,0.85
20180821,2.21,2.27
20180824,4.28,4.36
20180827,4.28,4.37
20180830,4.77,6.32
20180902,6.61,6.51
20180905,6.01,6.8
20180908,6.24,5.08
20180911,4.13,3.67
20180914,3.54,4.6
20180917,4.02,5.22
20180920,3.58,6.21
20180923,4.63,4.83
20180926,4.61,3.82
20180929,4.5,5.56
20181002,5.38,6.59
20181005,6.66,5.59
20181008,5.51,4.99
20181011,5.45,5.05
20181014,4.97,3.89
20181017,4.96,4.6
20181020,3.53,6.16
20181023,4.75,5.26
20181026,3.1,3.4
20181029,3.59,3.34
20181101,1.98,1.12
20181104,0.31,-0.86
20181107,-1.81,-0.38
20181110,0.01,1.35
20181113,0.36,-0.07
20181116,-1.81,-3.0
20181119,-3.29,-3.71
20181122,-1.94,-1.83
20181125,-2.09,-1.63
20181128,-1.61,-2.69
20181201,-3.32,-1.92
20181204,-0.62,-0.36
20181207,0.66,2.3
20181210,1.86,2.05
20181213,2.27,1.44
20181216,1.89,0.74
20181219,0.84,0.58
20181222,1.01,-0.35
20181225,-0.87,1.01
20181228,0.88,0.95
20181231,0.28,0.32
20190103,0.7,0.23
20190106,-0.02,-0.19
20190109,0.11,1.24
20190112,0.57,1.37
20190115,2.18,2.43
20190118,3.51,3.61
20190121,3.72,3.55
20190124,3.28,3.07
20190127,1.21,1.81
20190130,1.48,0.01
20190202,0.98,0.01
20190205,0.87,0.13
20190208,1.09,2.99
20190211,1.39,1.14
20190214,2.09,2.37
20190217,2.65,3.57
20190220,2.78,1.5
20190223,0.78,2.12
20190226,1.35,-0.18
20190301,0.97,0.46
20190304,0.01,-1.38
20190307,-0.85,-0.28
20190310,-0.83,-2.03
20190313,-3.92,-3.35
20190316,-0.75,-0.35
20190319,0.26,0.41
20190322,0.75,0.52
20190325,0.82,0.02
20190328,-1.23,-1.11
20190331,-1.02,-2.19
20190403,-2.74,-3.09
20190406,-2.38,-2.22
20190409,-2.39,-3.98
20190412,-3.71,-3.18
20190415,-0.98,-0.53
20190418,0.39,1.32
20190421,-0.49,-0.61
20190424,-0.78,-1.24
20190427,-0.39,1.24
20190430,0.32,0.16
20190503,0.59,-0.19
20190506,-2.31,-2.53
20190509,-3.63,-5.57
20190512,-4.67,-3.03
20190515,-2.5,-2.09
20190518,-1.65,-1.73
20190521,-1.28,-1.41
20190524,-2.16,-0.89
20190527,-0.14,2.52
20190530,1.7,0.26
20190602,1.6,1.49
20190605,2.85,4.86
20190608,3.49,2.63
20190611,0.95,0.8
20190614,0.08,-1.86
20190617,-1.76,-0.48
20190620,-1.45,-0.2
20190623,0.49,0.43
20190626,-0.63,-1.1
20190629,1.03,0.64
20190702,1.21,0.94
20190705,-0.16,0.53
20190708,2.18,3.24
20190711,4.85,5.0
20190714,4.99,5.52
20190717,5.3,4.81
20190720,3.21,4.23
20190723,4.28,2.68
20190726,0.86,2.63
20190729,3.71,4.09
20190801,2.62,2.36
20190804,1.33,0.96
20190807,0.75,0.02
20190810,-1.37,-0.63
20190813,-0.39,0.16
20190816,1.3,2.4
20190819,4.06,4.99
20190822,5.45,5.04
20190825,3.75,4.34
20190828,4.05,6.04
20190831,5.54,5.82
20190903,6.1,4.63
20190906,3.86,1.88
20190909,2.15,2.34
20190912,3.08,2.36
20190915,1.3,0.98
20190918,1.39,0.31
20190921,0.69,1.18
20190924,2.0,1.64
20190927,1.73,2.96
20190930,2.26,2.22
20191003,4.23,4.53
20191006,5.47,5.77
20191009,6.78,7.26
20191012,7.05,6.8
20191015,6.58,7.23
20191018,7.26,7.24
20191021,7.32,7.6
20191024,9.16,8.23
20191027,9.31,8.89
20191030,8.55,8.4
20191102,7.05,6.41
20191105,6.28,5.68
20191108,6.98,6.15
20191111,5.99,5.38
20191114,6.63,5.29
20191117,5.71,6.9
20191120,8.31,8.49
20191123,10.22,9.26
20191126,8.71,8.17
20191129,8.43,6.32
20191202,7.26,8.5
20191205,8.21,9.47
20191208,10.04,9.06
20191211,8.37,7.86
20191214,8.19,9.13
20191217,9.81,9.19
20191220,9.3,8.69
20191223,10.27,9.88
20191226,9.82,9.53
20191229,8.33,8.25
20200101,9.08,8.91
20200104,7.25,7.05
20200107,6.33,6.39
20200110,7.35,6.65
20200113,6.5,6.54
20200116,5.12,5.47
20200119,5.17,4.22
20200122,2.87,2.83
20200125,3.65,4.14
20200128,2.96,2.62
20200131,3.08,4.27
20200203,5.78,6.0
20200206,7.07,5.67
20200209,6.18,7.77
20200212,7.73,9.11
20200215,10.46,11.09
20200218,12.77,12.48
20200221,12.25,13.77
20200224,14.16,12.92
20200227,12.94,15.92
20200301,13.56,14.88
20200304,14.37,14.9
20200307,15.72,14.37
20200310,12.82,11.95
20200313,11.85,10.17
20200316,10.82,11.41
20200319,11.71,11.94
20200322,10.62,10.3
20200325,10.34,11.12
20200328,11.25,12.92
20200331,13.54,13.6
20200403,14.05,15.66
20200406,14.54,14.18
20200409,13.83,13.15
20200412,12.2,12.8
20200415,12.34,12.95
20200418,12.49,11.23
20200421,12.43,14.22
20200424,14.45,14.97
20200427,16.71,17.22
20200430,18.38,19.1
20200503,20.42,20.73
20200506,21.03,21.63
20200509,20.29,19.41
20200512,20.77,22.19
20200515,22.62,21.67
20200518,22.87,22.95
20200521,21.78,22.4
20200524,23.3,24.17
20200527,23.86,23.34
20200530,22.04,23.56
20200602,23.77,25.34
20200605,25.08,26.79
20200608,24.97,25.13
20200611,24.32,23.71
20200614,22.38,21.74
20200617,23.65,23.09
20200620,24.17,22.22
20200623,24.66,24.64
20200626,25.55,26.79
20200629,26.22,26.64
20200702,26.37,25.69
20200705,24.15,24.05
20200708,24.8,25.73
20200711,25.96,26.37
20200714,26.68,25.94
20200717,24.41,23.84
20200720,22.24,23.07
20200723,25.56,26.57
20200726,26.29,26.31
20200729,27.46,26.86
20200801,26.99,24.82
20200804,23.71,23.14
20200807,23.77,23.01
20200810,23.62,23.81
20200813,25.67,24.59
20200816,22.57,20.13
20200819,19.99,21.14
20200822,21.32,21.98
20200825,21.93,22.17
20200828,20.66,22.59
20200831,23.07,21.76
20200903,19.79,20.33
20200906,20.22,19.93
20200909,21.37,20.8
20200912,19.95,20.67
20200915,21.28,19.99
20200918,20.78,22.74
20200921,22.4,21.8
20200924,21.07,21.92
20200927,22.81,21.7
20200930,22.83,24.11
20201003,24.4,22.22
20201006,23.01,21.39
20201009,22.13,23.14
20201012,24.1,21.48
20201015,20.75,21.5
20201018,21.42,19.89
20201021,19.45,19.45
20201024,17.73,19.44
20201027,20.25,20.4
20201030,19.67,19.35
20201102,18.7,17.71
20201105,17.86,18.96
20201108,18.77,18.36
20201111,18.54,19.32
20201114,18.79,17.41
20201117,18.36,17.0
20201120,17.53,17.44
20201123,16.54,17.93
20201126,18.92,19.5
20201129,19.94,20.42
20201202,19.43,18.87
20201205,17.23,17.52
20201208,18.95,18.57
20201211,18.81,18.28
20201214,17.8,17.46
20201217,16.0,17.14
20201220,17.13,18.11
20201223,18.41,17.6
20201226,17.28,15.7
20201229,16.49,16.62
20210101,15.84,14.33
20210104,13.76,12.65
20210107,12.78,11.73
20210110,13.78,14.77
20210113,14.4,12.91
20210116,12.8,10.84
20210119,11.9,12.69
20210122,14.14,13.58
20210125,14.39,15.77
20210128,15.34,14.6
20210131,15.95,16.1
20210203,16.52,16.43
20210206,15.18,16.29
20210209,14.26,15.26
20210212,14.98,14.79
20210215,14.26,14.79
20210218,15.19,16.81
20210221,16.62,16.44
20210224,16.09,16.19
20210227,15.74,16.9
20210302,18.27,16.34
20210305,15.06,14.04
20210308,14.7,13.81
20210311,14.36,15.73
20210314,16.5,15.46
20210317,14.26,11.59
20210320,12.08,10.82
20210323,10.86,11.1
20210326,9.79,10.73
20210329,9.69,9.1
20210401,7.92,7.97
20210404,7.3,9.57
20210407,8.93,9.11
20210410,8.83,9.72
20210413,9.72,8.26
20210416,8.46,8.9
20210419,7.62,6.58
20210422,5.92,6.18
20210425,5.82,3.57
20210428,2.81,3.95
20210501,4.58,5.23
20210504,5.18,7.35
20210507,7.28,7.05
20210510,6.58,6.18
20210513,6.96,4.88
20210516,3.69,5.09
20210519,4.32,3.19
20210522,3.02,2.27
20210525,2.57,1.37
20210528,2.87,1.56
20210531,1.47,1.53
20210603,1.78,1.72
20210606,1.71,1.64
20210609,2.95,2.82
20210612,3.78,3.05
20210615,3.05,2.92
20210618,3.92,3.33
20210621,2.64,2.49
20210624,2.46,0.36
20210627,-0.5,0.61
20210630,0.36,0.12
20210703,0.69,1.23
20210706,2.97,3.6
20210709,3.16,3.21
20210712,3.99,4.95
20210715,4.05,4.72
20210718,6.48,6.31
20210721,6.32,5.4
20210724,4.33,4.35
20210727,5.13,4.84
20210730,5.94,6.85
20210802,6.48,7.21
20210805,7.08,7.18
20210808,8.25,10.69
20210811,9.29,8.96
20210814,10.12,9.88
20210817,9.45,11.12
20210820,11.06,11.84
20210823,11.53,9.97
20210826,9.46,10.15
20210829,10.34,9.54
20210901,11.61,11.72
20210904,10.73,12.03
20210907,12.95,12.39
20210910,13.04,13.83
20210913,14.29,14.42
20210916,12.65,12.33
20210919,12.28,11.69
20210922,11.34,12.04
20210925,11.54,9.84
20210928,9.22,8.68
20211001,8.52,7.29
20211004,6.98,6.11
20211007,6.89,6.69
20211010,7.24,7.52
20211013,6.23,6.19
20211016,7.86,6.25
20211019,7.2,7.3
20211022,5.79,6.36
20211025,7.36,7.3
20211028,7.61,9.43
20211031,8.83,10.65
20211103,12.3,10.97
20211106,11.09,11.16
20211109,12.45,13.62
20211112,15.13,13.51
20211115,14.89,15.46
20211118,13.62,14.93
20211121,13.83,14.6
20211124,14.01,13.81
20211127,14.25,14.04
20211130,12.59,12.89
20211203,11.74,12.29
20211206,11.03,11.17
20211209,11.54,13.55
20211212,11.61,11.93
20211215,10.67,11.15
20211218,11.04,11.81
20211221,13.22,12.88
20211224,12.87,13.77
20211227,13.25,13.65
20211230,14.49,13.41
20220102,11.89,12.06
20220105,12.94,11.43
20220108,11.93,11.56
20220111,11.39,12.42
20220114,12.56,11.71
20220117,11.69,11.46
20220120,11.18,12.36
20220123,11.7,10.91
20220126,11.16,11.8
20220129,11.67,10.43
20220201,10.54,12.97
20220204,13.53,11.87
20220207,10.92,11.01
20220210,11.55,10.86
20220213,13.02,13.56
20220216,13.89,15.15
20220219,15.4,13.43
20220222,13.04,12.4
20220225,12.06,12.17
20220228,12.87,12.09
20220303,11.33,11.25
20220306,11.83,12.38
20220309,12.98,14.09
20220312,13.73,14.85
20220315,15.18,15.34
20220318,17.14,16.82
20220321,16.05,17.52
20220324,17.47,18.58
20220327,18.98,17.23
20220330,17.51,18.13
20220402,18.06,18.68
20220405,19.87,21.35
20220408,22.14,21.29
20220411,21.42,20.7
20220414,20.24,19.77
20220417,19.71,19.94
20220420,22.02,22.27
20220423,24.05,24.04
20220426,24.8,24.45
20220429,24.49,23.77
20220502,24.46,23.68
20220505,23.38,23.61
20220508,24.04,24.57
20220511,24.09,22.73
20220514,20.47,19.58
20220517,18.92,18.23
20220520,17.39,17.85
20220523,17.57,17.44
20220526,16.65,18.28
20220529,18.01,15.65
20220601,14.88,13.55
20220604,12.15,12.61
20220607,14.99,13.78
20220610,13.36,12.58
20220613,10.41,11.56
20220616,10.61,11.37
20220619,12.69,12.57
20220622,11.52,8.76
20220625,9.42,11.56
20220628,11.11,11.58
20220701,11.19,10.58
20220704,12.12,12.29
20220707,12.3,12.43
20220710,12.55,10.94
20220713,10.77,12.49
20220716,13.29,12.72
20220719,12.92,14.18
20220722,14.51,17.01
20220725,17.34,17.59
20220728,16.5,14.83
20220731,15.86,15.47
20220803,14.7,15.27
20220806,14.65,15.36
20220809,15.6,14.97
20220812,15.23,13.75
20220815,14.19,13.68
20220818,13.64,14.88
20220821,14.91,14.25
20220824,15.24,15.2
20220827,16.4,15.65
20220830,15.35,14.37
20220902,13.05,13.21
20220905,12.59,11.85
20220908,11.98,10.92
20220911,10.84,10.32
20220914,12.16,11.32
20220917,9.96,9.41
20220920,9.56,8.69
20220923,8.13,6.85
20220926,6.01,6.35
20220929,7.23,7.63
20221002,8.59,8.51
20221005,9.16,9.56
20221008,9.54,7.1
20221011,6.94,7.86
20221014,7.06,8.87
20221017,9.7,11.22
20221020,12.98,10.88
20221023,11.84,12.09
20221026,13.27,14.25
20221029,13.67,12.69
20221101,11.7,11.86
20221104,10.93,9.98
20221107,9.37,9.69
20221110,8.89,9.94
20221113,9.16,10.53
20221116,9.5,9.3
20221119,9.41,8.44
20221122,7.71,7.95
20221125,7.49,6.92
20221128,6.5,6.69
20221201,5.85,7.51
20221204,5.63,5.67
20221207,5.52,5.16
20221210,3.76,4.38
20221213,2.71,3.23
20221216,3.13,2.59
20221219,1.31,0.59
20221222,-1.76,-1.15
20221225,-1.01,-0.49
20221228,-1.7,-2.29
20221231,-1.7,-1.46
20230103,-0.36,0.06
20230106,0.4,0.54
20230109,1.94,1.47
20230112,0.82,0.83
20230115,0.8,0.55
20230118,1.43,1.82
20230121,1.32,3.47
20230124,2.9,3.49
20230127,2.64,2.1
20230130,1.75,3.61
20230202,3.72,3.9
20230205,2.46,2.69
20230208,1.66,0.99
20230211,1.43,0.96
20230214,2.47,3.76
20230217,3.95,4.02
20230220,3.84,4.16
20230223,4.63,4.38
20230226,3.22,3.47
20230301,3.65,2.98
20230304,2.92,2.1
20230307,2.71,2.86
20230310,3.05,3.77
20230313,5.97,6.01
20230316,6.59,7.68
20230319,7.59,8.48
20230322,9.74,9.75
20230325,12.59,10.85
20230328,10.07,8.91
20230331,10.06,10.34
20230403,9.59,10.39
20230406,10.09,12.72
20230409,12.22,13.31
20230412,12.3,12.84
20230415,12.39,11.09
20230418,9.04,8.75
20230421,9.74,9.78
20230424,8.36,9.77
20230427,10.2,10.98
20230430,11.42,13.96
20230503,14.14,13.34
20230506,14.42,12.24
20230509,12.53,12.15
20230512,13.43,13.48
20230515,12.72,12.86
20230518,11.55,13.4
20230521,13.17,13.86
20230524,13.23,13.67
20230527,13.59,15.51
20230530,14.04,13.63
20230602,13.12,11.89
20230605,11.76,12.61
20230608,11.88,11.87
20230611,12.33,12.88
20230614,12.36,9.95
20230617,9.5,11.57
20230620,10.63,9.58
20230623,9.78,9.79
20230626,9.1,9.09
20230629,8.92,9.29
20230702,9.73,8.65
20230705,9.35,9.13
20230708,8.49,9.53
20230711,9.51,9.15
20230714,8.88,9.41
20230717,9.6,10.27
20230720,8.45,9.58
20230723,9.49,10.05
20230726,11.44,12.81
20230729,11.44,12.46
20230801,12.72,13.75
20230804,12.17,11.18
20230807,11.44,10.54
20230810,10.15,11.56
20230813,13.79,13.6
20230816,14.56,14.73
20230819,15.67,16.2
20230822,14.96,16.25
20230825,15.39,14.09
20230828,15.29,14.95
20230831,15.79,16.34
20230903,15.37,13.77
20230906,15.53,16.22
20230909,17.69,17.51
20230912,18.75,20.47
20230915,20.22,19.95
20230918,20.04,20.0
20230921,17.34,16.39
20230924,16.67,16.97
20230927,17.22,16.92
20230930,14.89,15.01
20231003,15.23,14.32
20231006,14.67,14.93
20231009,14.39,14.26
20231012,15.1,15.39
20231015,14.46,16.03
20231018,17.19,16.37
20231021,15.66,15.02
20231024,15.61,16.29
20231027,16.87,17.59
20231030,16.3,15.74
20231102,13.83,14.67
20231105,15.68,16.78
20231108,16.38,16.71
20231111,17.1,18.62
20231114,16.7,17.45
20231117,17.11,16.76
20231120,17.39,17.82
20231123,16.97,17.49
20231126,17.9,19.55
20231129,19.79,20.58
20231202,19.1,18.64
20231205,17.67,17.62
20231208,19.33,17.6
20231211,17.29,17.25
20231214,16.74,18.13
20231217,19.25,20.26
20231220,19.96,19.85
20231223,20.38,20.52
20231226,19.7,20.45
20231229,18.34,19.41
20240101,21.14,21.5
20240104,22.38,22.35
20240107,21.31,22.66
20240110,21.78,23.99
20240113,23.64,23.7
20240116,23.71,24.12
20240119,23.54,23.21
20240122,24.43,23.0
20240125,22.31,21.43
20240128,21.32,21.39
20240131,21.18,21.47
20240203,22.42,23.22
20240206,23.05,23.28
20240209,22.41,23.73
20240212,23.91,21.48
20240215,21.13,20.22
20240218,21.21,20.61
20240221,19.94,19.43
20240224,17.68,16.21
20240227,16.74,15.94
20240301,17.11,16.07
20240304,16.13,15.8
20240307,14.65,14.79
20240310,14.14,14.15
20240313,14.59,13.7
20240316,16.16,15.58
20240319,16.36,16.29
20240322,16.38,16.55
20240325,15.84,15.79
20240328,15.82,15.99
20240331,15.6,15.57
20240403,14.29,14.0
20240406,13.4,13.45
20240409,13.82,13.83
20240412,15.6,14.25
20240415,15.44,15.93
20240418,15.93,14.04
20240421,14.49,14.12
20240424,14.35,12.94
20240427,12.35,12.24
20240430,13.62,13.2
20240503,11.29,11.57
20240506,13.07,12.77
20240509,12.02,12.35
20240512,10.94,11.08
20240515,10.93,10.67
20240518,10.46,9.79
20240521,9.27,8.53
20240524,8.79,8.86
20240527,8.38,8.9
20240530,9.38,11.14
20240602,12.04,12.02
20240605,10.97,11.22
20240608,10.04,10.7
20240611,10.38,11.6
20240614,10.51,10.46
20240617,10.67,10.04
20240620,11.43,14.26
20240623,15.29,14.48
20240626,13.39,13.08
20240629,12.92,12.46
20240702,11.12,11.64
20240705,11.15,11.45
20240708,13.91,12.03
20240711,11.96,12.02
20240714,12.03,11.96
20240717,12.2,11.06
20240720,11.05,10.52
20240723,9.44,9.09
20240726,7.24,4.64
20240729,4.84,4.36
20240801,4.57,5.32
20240804,6.68,7.38
20240807,8.06,8.05
20240810,9.39,8.56
20240813,8.15,6.82
20240816,7.17,6.64
20240819,7.03,7.32
20240822,9.36,8.44
20240825,8.55,8.42
20240828,9.78,9.52
20240831,8.23,6.58
20240903,6.62,7.89
20240906,7.74,8.54
20240909,8.47,7.72
20240912,8.95,6.75
20240915,6.21,6.38
20240918,5.41,5.72
20240921,6.66,6.5
20240924,6.18,5.78
20240927,5.11,5.0
20240930,4.58,4.37
20241003,6.98,6.16
20241006,6.39,6.53
20241009,8.54,7.56
20241012,7.52,6.81
20241015,7.06,8.07
20241018,7.33,7.1
20241021,7.94,7.94
20241024,7.99,7.2
20241027,8.72,8.29
20241030,8.0,7.71
20241102,8.68,9.84
20241105,9.66,9.67
20241108,10.17,10.37
20241111,11.15,12.25
20241114,11.61,11.39
20241117,11.34,10.85
20241120,8.6,7.8
20241123,6.99,7.23
20241126,7.67,7.97
20241129,8.25,7.34
20241202,5.87,6.67
20241205,5.2,7.16
20241208,7.45,7.56
20241211,7.95,7.49
20241214,8.21,8.08
20241217,7.24,7.69
20241220,10.41,9.29
20241223,9.07,10.4
20241226,9.9,11.26
20241229,12.35,12.36
20250101,12.19,13.13
20250104,12.35,13.11
20250107,14.52,15.75
20250110,16.75,15.77
20250113,16.45,16.38
20250116,15.32,15.18
20250119,13.75,13.57
20250122,13.45,13.98
20250125,15.05,13.65
20250128,12.32,10.27
20250131,11.11,10.43
20250203,9.86,9.82
20250206,9.82,10.5
20250209,8.34,8.14
20250212,6.91,8.6
20250215,9.13,9.48
20250218,11.66,11.51
20250221,12.41,10.95
20250224,11.15,13.42
20250227,13.92,13.17
20250302,12.19,10.62
20250305,11.06,11.92
20250308,12.05,11.24
20250311,11.48,10.79
20250314,12.01,11.6
20250317,10.72,10.18
20250320,10.56,9.33
20250323,10.0,9.73
20250326,9.81,9.68
20250329,11.94,11.77
20250401,12.62,15.07
20250404,15.5,17.35
20250407,17.44,18.24
20250410,17.65,16.54
20250413,15.57,15.55
20250416,15.83,14.71
20250419,13.34,11.46
20250422,13.59,13.69
20250425,11.55,11.54
20250428,11.38,10.0
20250501,11.16,10.71
20250504,10.75,10.46
20250507,10.51,11.53
20250510,12.13,11.68
20250513,13.26,14.8
20250516,13.33,12.22
20250519,11.61,13.13
20250522,12.95,12.38
20250525,12.34,12.12
20250528,11.96,10.89
20250531,10.1,9.83
20250603,11.21,12.5
20250606,13.42,13.78
20250609,11.17,12.95
20250612,14.07,13.7
20250615,13.05,13.24
20250618,13.28,12.59
20250621,14.08,13.43
20250624,13.68,12.47
20250627,12.22,13.3
20250630,13.34,12.76
20250703,10.81,10.47
20250706,10.11,10.85
20250709,12.17,10.95
20250712,11.75,10.78
20250715,11.93,11.5
20250718,12.05,13.6
20250721,11.9,12.04
20250724,13.62,14.4
20250727,16.57,16.07
20250730,17.16,17.87
20250802,17.93,16.91
20250805,17.14,19.07
20250808,20.32,20.81
20250811,20.31,18.91
20250814,18.71,17.8
20250817,17.44,18.55
20250820,19.77,20.86
20250823,21.4,20.87
20250826,21.31,19.58
20250829,20.69,19.59
20250901,20.92,20.29
20250904,22.52,22.26
20250907,22.14,22.91
20250910,21.56,21.78
20250913,20.78,21.45
20250916,21.95,22.18
20250919,23.41,23.56
20250922,21.36,20.61
20250925,19.65,20.31
20250928,20.11,19.47
20251001,18.66,18.31
20251004,18.74,19.62
20251007,19.66,19.22
20251010,19.26,18.05
20251013,17.59,19.02
20251016,20.09,22.33
20251019,21.59,24.19
20251022,23.69,23.03
20251025,23.33,23.82
20251028,24.02,23.94
20251031,26.0,24.8
20251103,23.71,23.92
20251106,23.82,23.87
20251109,26.19,27.86
20251112,28.51,27.74
20251115,27.99,26.25
20251118,25.4,26.15
20251121,25.21,24.6
20251124,24.82,21.89
20251127,22.1,22.41
20251130,22.98,24.66
20251203,24.15,23.94
20251206,23.16,22.53
